driver,lap_number,lap_time,position
77,1.0,71.454,1.0
77,2.0,69.441,1.0
77,3.0,69.598,1.0
77,4.0,69.592,1.0
77,5.0,69.159,1.0
77,6.0,69.386,1.0
77,7.0,69.051,1.0
77,8.0,69.185,1.0
77,9.0,69.357,1.0
77,10.0,69.547,4.0
77,11.0,69.3,3.0
77,12.0,69.417,3.0
77,13.0,69.224,3.0
77,14.0,69.049,3.0
77,15.0,69.26,3.0
77,16.0,69.512,3.0
77,17.0,69.699,3.0
77,18.0,69.847,3.0
77,19.0,69.617,3.0
77,20.0,70.405,3.0
77,21.0,70.149,3.0
77,22.0,84.118,3.0
77,23.0,122.933,3.0
77,24.0,110.849,3.0
77,25.0,115.283,3.0
77,26.0,113.743,3.0
77,27.0,68.736,3.0
77,28.0,68.733,3.0
77,29.0,68.52,3.0
77,30.0,68.524,3.0
77,31.0,68.433,3.0
77,32.0,68.26,3.0
77,33.0,68.194,3.0
77,34.0,68.235,3.0
77,35.0,68.303,3.0
77,36.0,68.131,3.0
77,37.0,68.142,3.0
77,38.0,68.272,3.0
77,39.0,68.472,3.0
77,40.0,68.322,3.0
77,41.0,68.231,3.0
77,42.0,68.462,3.0
77,43.0,68.421,3.0
77,44.0,68.279,3.0
77,45.0,68.422,2.0
77,46.0,68.351,2.0
77,47.0,75.384,2.0
77,48.0,115.395,2.0
77,49.0,120.1,2.0
77,50.0,100.093,2.0
77,51.0,96.079,2.0
77,52.0,114.808,2.0
77,53.0,117.837,2.0
77,54.0,109.815,2.0
77,55.0,102.625,2.0
77,56.0,98.546,2.0
77,57.0,68.204,2.0
77,58.0,68.378,2.0
77,59.0,68.062,2.0
77,60.0,68.174,2.0
77,61.0,68.238,2.0
77,62.0,68.199,2.0
77,63.0,68.023,2.0
77,64.0,67.657,2.0
77,65.0,70.046,2.0
77,66.0,68.2,2.0
77,67.0,68.412,1.0
77,68.0,,
16,1.0,76.847,7.0
16,2.0,71.418,7.0
16,3.0,69.925,7.0
16,4.0,70.271,7.0
16,5.0,70.31,7.0
16,6.0,70.287,7.0
16,7.0,70.596,7.0
16,8.0,70.611,7.0
16,9.0,70.333,9.0
16,10.0,70.308,9.0
16,11.0,70.278,8.0
16,12.0,70.138,8.0
16,13.0,70.177,8.0
16,14.0,70.072,8.0
16,15.0,69.954,8.0
16,16.0,70.181,8.0
16,17.0,70.245,8.0
16,18.0,70.392,8.0
16,19.0,70.117,8.0
16,20.0,70.199,8.0
16,21.0,89.806,8.0
16,22.0,110.117,8.0
16,23.0,101.051,8.0
16,24.0,114.953,8.0
16,25.0,107.566,8.0
16,26.0,70.877,8.0
16,27.0,70.125,8.0
16,28.0,69.596,8.0
16,29.0,69.538,8.0
16,30.0,69.245,8.0
16,31.0,69.479,8.0
16,32.0,69.263,8.0
16,33.0,68.973,8.0
16,34.0,69.184,8.0
16,35.0,69.112,8.0
16,36.0,69.126,8.0
16,37.0,69.12,8.0
16,38.0,69.103,8.0
16,39.0,69.218,8.0
16,40.0,69.581,8.0
16,41.0,69.129,8.0
16,42.0,69.031,8.0
16,43.0,68.781,8.0
16,44.0,69.153,8.0
16,45.0,69.085,7.0
16,46.0,84.7,7.0
16,47.0,107.833,8.0
16,48.0,104.214,7.0
16,49.0,94.516,7.0
16,50.0,101.27,7.0
16,51.0,114.511,7.0
16,52.0,115.821,7.0
16,53.0,110.846,7.0
16,54.0,103.477,7.0
16,55.0,93.349,7.0
16,56.0,70.053,6.0
16,57.0,68.916,6.0
16,58.0,68.389,6.0
16,59.0,67.901,5.0
16,60.0,68.339,5.0
16,61.0,68.02,4.0
16,62.0,68.073,4.0
16,63.0,68.127,4.0
16,64.0,68.324,4.0
16,65.0,67.935,4.0
16,66.0,68.26,4.0
4,1.0,74.567,3.0
4,2.0,70.366,3.0
4,3.0,71.197,4.0
4,4.0,70.81,5.0
4,5.0,69.949,5.0
4,6.0,70.017,5.0
4,7.0,70.228,5.0
4,8.0,70.324,5.0
4,9.0,70.21,7.0
4,10.0,70.187,7.0
4,11.0,70.235,6.0
4,12.0,70.052,6.0
4,13.0,69.984,6.0
4,14.0,70.029,6.0
4,15.0,69.86,6.0
4,16.0,70.012,6.0
4,17.0,69.933,6.0
4,18.0,70.106,6.0
4,19.0,69.94,6.0
4,20.0,69.963,6.0
4,21.0,90.234,6.0
4,22.0,110.203,6.0
4,23.0,103.795,6.0
4,24.0,114.141,6.0
4,25.0,110.654,6.0
4,26.0,70.457,6.0
4,27.0,69.651,6.0
4,28.0,70.548,7.0
4,29.0,69.008,7.0
4,30.0,69.311,7.0
4,31.0,69.205,7.0
4,32.0,69.111,7.0
4,33.0,68.923,7.0
4,34.0,69.026,7.0
4,35.0,69.044,7.0
4,36.0,69.074,7.0
4,37.0,68.865,7.0
4,38.0,68.787,7.0
4,39.0,68.898,7.0
4,40.0,69.217,7.0
4,41.0,69.175,7.0
4,42.0,68.978,7.0
4,43.0,68.699,7.0
4,44.0,68.695,7.0
4,45.0,68.638,6.0
4,46.0,83.701,6.0
4,47.0,109.362,7.0
4,48.0,105.573,6.0
4,49.0,96.233,6.0
4,50.0,100.49,6.0
4,51.0,114.196,6.0
4,52.0,116.164,6.0
4,53.0,111.211,6.0
4,54.0,103.284,6.0
4,55.0,93.893,6.0
4,56.0,69.662,5.0
4,57.0,68.923,5.0
4,58.0,68.362,5.0
4,59.0,69.354,6.0
4,60.0,68.518,6.0
4,61.0,69.211,6.0
4,62.0,68.574,6.0
4,63.0,68.529,6.0
4,64.0,69.102,5.0
4,65.0,67.781,5.0
4,66.0,67.475,5.0
44,1.0,75.627,5.0
44,2.0,70.55,5.0
44,3.0,70.362,5.0
44,4.0,69.34,4.0
44,5.0,69.461,4.0
44,6.0,69.294,4.0
44,7.0,69.701,4.0
44,8.0,69.796,4.0
44,9.0,69.233,5.0
44,10.0,69.184,5.0
44,11.0,69.142,4.0
44,12.0,69.046,4.0
44,13.0,69.076,4.0
44,14.0,69.131,4.0
44,15.0,69.0,4.0
44,16.0,69.34,4.0
44,17.0,69.326,4.0
44,18.0,69.356,4.0
44,19.0,69.342,4.0
44,20.0,69.51,4.0
44,21.0,88.502,4.0
44,22.0,116.918,4.0
44,23.0,110.801,4.0
44,24.0,115.666,4.0
44,25.0,112.528,4.0
44,26.0,69.031,4.0
44,27.0,68.75,4.0
44,28.0,68.684,4.0
44,29.0,68.258,4.0
44,30.0,68.389,4.0
44,31.0,68.164,4.0
44,32.0,68.243,4.0
44,33.0,68.434,4.0
44,34.0,68.256,4.0
44,35.0,68.058,4.0
44,36.0,68.147,4.0
44,37.0,68.115,4.0
44,38.0,68.369,4.0
44,39.0,68.598,4.0
44,40.0,68.467,4.0
44,41.0,68.812,4.0
44,42.0,68.457,4.0
44,43.0,68.383,4.0
44,44.0,68.448,4.0
44,45.0,68.406,3.0
44,46.0,78.996,3.0
44,47.0,111.08,3.0
44,48.0,120.866,3.0
44,49.0,99.068,3.0
44,50.0,97.528,3.0
44,51.0,114.149,3.0
44,52.0,117.246,3.0
44,53.0,110.103,3.0
44,54.0,103.337,3.0
44,55.0,97.005,3.0
44,56.0,69.036,3.0
44,57.0,68.578,3.0
44,58.0,68.572,3.0
44,59.0,68.535,3.0
44,60.0,68.182,3.0
44,61.0,68.092,3.0
44,62.0,67.712,3.0
44,63.0,67.916,3.0
44,64.0,68.584,3.0
44,65.0,68.419,3.0
44,66.0,68.203,3.0
55,1.0,77.168,8.0
55,2.0,71.958,8.0
55,3.0,70.243,8.0
55,4.0,70.316,8.0
55,5.0,70.317,8.0
55,6.0,70.342,8.0
55,7.0,70.563,8.0
55,8.0,70.651,8.0
55,9.0,70.421,10.0
55,10.0,70.322,10.0
55,11.0,70.378,9.0
55,12.0,70.405,9.0
55,13.0,70.434,9.0
55,14.0,70.25,9.0
55,15.0,70.01,9.0
55,16.0,70.105,9.0
55,17.0,70.051,9.0
55,18.0,70.133,9.0
55,19.0,70.316,9.0
55,20.0,70.141,9.0
55,21.0,90.179,9.0
55,22.0,112.463,9.0
55,23.0,97.161,9.0
55,24.0,115.235,9.0
55,25.0,106.943,9.0
55,26.0,71.454,9.0
55,27.0,70.021,9.0
55,28.0,69.718,9.0
55,29.0,69.32,9.0
55,30.0,69.328,9.0
55,31.0,69.685,9.0
55,32.0,69.246,9.0
55,33.0,69.365,9.0
55,34.0,69.427,9.0
55,35.0,69.46,9.0
55,36.0,69.105,9.0
55,37.0,69.457,9.0
55,38.0,69.329,9.0
55,39.0,69.243,9.0
55,40.0,69.374,9.0
55,41.0,69.22,9.0
55,42.0,69.089,9.0
55,43.0,68.928,9.0
55,44.0,68.974,9.0
55,45.0,69.232,8.0
55,46.0,84.968,8.0
55,47.0,95.696,6.0
55,48.0,117.478,10.0
55,49.0,92.324,10.0
55,50.0,101.084,9.0
55,51.0,116.046,9.0
55,52.0,114.877,9.0
55,53.0,110.839,9.0
55,54.0,103.568,9.0
55,55.0,92.073,10.0
55,56.0,70.526,8.0
55,57.0,68.576,7.0
55,58.0,67.974,7.0
55,59.0,68.497,7.0
55,60.0,68.446,7.0
55,61.0,69.339,7.0
55,62.0,68.917,7.0
55,63.0,68.712,7.0
55,64.0,69.155,7.0
55,65.0,69.028,7.0
55,66.0,68.308,6.0
11,1.0,76.326,6.0
11,2.0,70.812,6.0
11,3.0,70.271,6.0
11,4.0,70.265,6.0
11,5.0,70.062,6.0
11,6.0,69.922,6.0
11,7.0,70.417,6.0
11,8.0,70.291,6.0
11,9.0,70.717,8.0
11,10.0,70.701,8.0
11,11.0,70.555,7.0
11,12.0,70.34,7.0
11,13.0,70.261,7.0
11,14.0,70.162,7.0
11,15.0,70.06,7.0
11,16.0,69.828,7.0
11,17.0,70.14,7.0
11,18.0,69.775,7.0
11,19.0,70.002,7.0
11,20.0,70.011,7.0
11,21.0,88.737,7.0
11,22.0,109.475,7.0
11,23.0,103.896,7.0
11,24.0,114.857,7.0
11,25.0,109.313,7.0
11,26.0,70.708,7.0
11,27.0,69.819,7.0
11,28.0,68.837,6.0
11,29.0,68.634,6.0
11,30.0,68.495,6.0
11,31.0,69.229,6.0
11,32.0,68.669,6.0
11,33.0,68.91,6.0
11,34.0,68.799,6.0
11,35.0,68.885,6.0
11,36.0,68.962,6.0
11,37.0,68.748,6.0
11,38.0,68.788,6.0
11,39.0,68.9,6.0
11,40.0,69.31,6.0
11,41.0,68.797,6.0
11,42.0,68.633,6.0
11,43.0,68.515,6.0
11,44.0,68.558,6.0
11,45.0,68.482,5.0
11,46.0,82.569,5.0
11,47.0,97.867,4.0
11,48.0,119.664,4.0
11,49.0,98.406,4.0
11,50.0,98.135,4.0
11,51.0,113.979,4.0
11,52.0,116.971,4.0
11,53.0,111.032,4.0
11,54.0,103.868,5.0
11,55.0,95.607,5.0
11,56.0,69.426,4.0
11,57.0,68.748,4.0
11,58.0,68.305,4.0
11,59.0,68.554,4.0
11,60.0,68.546,4.0
11,61.0,69.858,5.0
11,62.0,68.374,5.0
11,63.0,68.921,5.0
11,64.0,70.695,6.0
11,65.0,68.718,6.0
11,66.0,70.28,7.0
10,1.0,79.106,12.0
10,2.0,72.412,12.0
10,3.0,71.311,12.0
10,4.0,70.725,12.0
10,5.0,71.511,12.0
10,6.0,72.028,12.0
10,7.0,71.173,12.0
10,8.0,70.912,12.0
10,9.0,70.827,14.0
10,10.0,70.97,14.0
10,11.0,70.953,13.0
10,12.0,70.762,12.0
10,13.0,70.844,12.0
10,14.0,70.712,11.0
10,15.0,70.939,11.0
10,16.0,70.733,11.0
10,17.0,70.535,11.0
10,18.0,70.672,11.0
10,19.0,70.568,11.0
10,20.0,70.61,11.0
10,21.0,95.769,11.0
10,22.0,109.983,11.0
10,23.0,81.92,11.0
10,24.0,114.011,11.0
10,25.0,105.599,11.0
10,26.0,71.099,10.0
10,27.0,70.283,10.0
10,28.0,69.999,10.0
10,29.0,69.628,10.0
10,30.0,69.952,10.0
10,31.0,69.969,10.0
10,32.0,69.864,10.0
10,33.0,69.576,10.0
10,34.0,69.839,10.0
10,35.0,69.821,10.0
10,36.0,69.813,10.0
10,37.0,69.805,10.0
10,38.0,69.595,10.0
10,39.0,69.821,10.0
10,40.0,70.115,10.0
10,41.0,69.646,10.0
10,42.0,69.453,10.0
10,43.0,69.429,10.0
10,44.0,69.37,10.0
10,45.0,69.37,9.0
10,46.0,88.958,9.0
10,47.0,94.649,9.0
10,48.0,103.812,8.0
10,49.0,93.431,8.0
10,50.0,101.284,8.0
10,51.0,115.497,8.0
10,52.0,115.197,8.0
10,53.0,110.947,8.0
10,54.0,103.204,8.0
10,55.0,92.585,8.0
10,56.0,70.672,7.0
10,57.0,70.37,8.0
10,58.0,69.341,8.0
10,59.0,69.025,8.0
10,60.0,69.359,8.0
10,61.0,69.943,8.0
10,62.0,69.521,8.0
10,63.0,69.361,8.0
10,64.0,69.484,8.0
10,65.0,69.121,8.0
10,66.0,69.64,8.0
31,1.0,80.678,16.0
31,2.0,73.291,16.0
31,3.0,71.786,16.0
31,4.0,71.415,16.0
31,5.0,72.056,16.0
31,6.0,71.727,16.0
31,7.0,71.816,16.0
31,8.0,71.64,16.0
31,9.0,70.935,18.0
31,10.0,70.703,17.0
31,11.0,70.85,16.0
31,12.0,71.347,15.0
31,13.0,71.155,15.0
31,14.0,70.782,15.0
31,15.0,70.874,14.0
31,16.0,71.014,14.0
31,17.0,70.617,14.0
31,18.0,70.826,14.0
31,19.0,71.056,14.0
31,20.0,77.862,13.0
31,21.0,92.675,13.0
31,22.0,100.493,13.0
31,23.0,80.267,13.0
31,24.0,114.091,13.0
31,25.0,103.941,13.0
31,26.0,71.098,12.0
31,27.0,70.594,12.0
31,28.0,70.15,12.0
31,29.0,69.777,12.0
31,30.0,70.3,12.0
31,31.0,70.6,12.0
31,32.0,70.066,12.0
31,33.0,70.425,12.0
31,34.0,69.892,12.0
31,35.0,69.703,12.0
31,36.0,70.321,12.0
31,37.0,69.563,12.0
31,38.0,69.729,12.0
31,39.0,69.528,12.0
31,40.0,69.666,12.0
31,41.0,69.313,12.0
31,42.0,69.264,12.0
31,43.0,69.456,12.0
31,44.0,69.691,12.0
31,45.0,69.299,11.0
31,46.0,89.574,11.0
31,47.0,93.731,10.0
31,48.0,101.602,9.0
31,49.0,92.905,9.0
31,50.0,102.357,10.0
31,51.0,116.363,10.0
31,52.0,114.426,10.0
31,53.0,110.739,10.0
31,54.0,103.597,10.0
31,55.0,91.146,9.0
31,56.0,71.756,9.0
31,57.0,69.809,9.0
31,58.0,69.528,9.0
31,59.0,68.932,9.0
31,60.0,69.16,9.0
31,61.0,69.903,9.0
31,62.0,69.691,9.0
31,63.0,69.157,9.0
31,64.0,69.733,9.0
31,65.0,68.912,9.0
31,66.0,69.665,9.0
99,1.0,80.013,14.0
99,2.0,72.959,14.0
99,3.0,71.633,14.0
99,4.0,71.482,14.0
99,5.0,71.848,14.0
99,6.0,72.479,15.0
99,7.0,71.83,15.0
99,8.0,71.584,15.0
99,9.0,70.987,17.0
99,10.0,72.546,18.0
99,11.0,71.406,17.0
99,12.0,71.093,16.0
99,13.0,72.451,17.0
99,14.0,71.027,17.0
99,15.0,71.03,17.0
99,16.0,71.165,16.0
99,17.0,70.867,16.0
99,18.0,70.902,16.0
99,19.0,70.971,15.0
99,20.0,78.971,14.0
99,21.0,137.383,14.0
99,22.0,84.006,14.0
99,23.0,73.014,14.0
99,24.0,89.54,14.0
99,25.0,103.562,14.0
99,26.0,71.026,13.0
99,27.0,70.785,13.0
99,28.0,70.152,13.0
99,29.0,70.073,13.0
99,30.0,70.3,13.0
99,31.0,70.412,13.0
99,32.0,70.325,13.0
99,33.0,70.15,13.0
99,34.0,70.111,13.0
99,35.0,70.321,13.0
99,36.0,69.992,13.0
99,37.0,69.939,13.0
99,38.0,69.654,13.0
99,39.0,69.83,13.0
99,40.0,69.894,13.0
99,41.0,69.525,13.0
99,42.0,69.211,13.0
99,43.0,69.436,13.0
99,44.0,69.372,13.0
99,45.0,69.232,12.0
99,46.0,88.519,12.0
99,47.0,95.51,11.0
99,48.0,100.907,11.0
99,49.0,91.917,11.0
99,50.0,101.434,11.0
99,51.0,122.702,13.0
99,52.0,112.419,13.0
99,53.0,110.349,13.0
99,54.0,104.39,13.0
99,55.0,88.209,13.0
99,56.0,71.187,12.0
99,57.0,70.533,12.0
99,58.0,69.235,11.0
99,59.0,70.749,11.0
99,60.0,70.404,11.0
99,61.0,70.726,11.0
99,62.0,68.893,10.0
99,63.0,69.141,10.0
99,64.0,69.167,10.0
99,65.0,68.796,10.0
99,66.0,69.178,10.0
5,1.0,78.362,10.0
5,2.0,72.072,10.0
5,3.0,70.67,10.0
5,4.0,70.483,10.0
5,5.0,70.422,10.0
5,6.0,70.594,10.0
5,7.0,70.841,10.0
5,8.0,70.716,10.0
5,9.0,70.649,12.0
5,10.0,70.823,12.0
5,11.0,70.65,11.0
5,12.0,70.994,11.0
5,13.0,70.617,10.0
5,14.0,70.604,10.0
5,15.0,70.332,10.0
5,16.0,70.455,10.0
5,17.0,70.529,10.0
5,18.0,70.644,10.0
5,19.0,70.653,10.0
5,20.0,70.778,10.0
5,21.0,93.851,10.0
5,22.0,110.02,10.0
5,23.0,87.415,10.0
5,24.0,113.981,10.0
5,25.0,106.73,10.0
5,26.0,80.761,16.0
5,27.0,70.065,16.0
5,28.0,70.032,16.0
5,29.0,69.59,16.0
5,30.0,70.785,16.0
5,31.0,70.077,16.0
5,32.0,69.508,16.0
5,33.0,69.775,16.0
5,34.0,69.469,16.0
5,35.0,69.812,16.0
5,36.0,69.743,16.0
5,37.0,69.863,16.0
5,38.0,70.043,16.0
5,39.0,70.485,16.0
5,40.0,70.875,16.0
5,41.0,70.049,16.0
5,42.0,69.669,16.0
5,43.0,69.576,16.0
5,44.0,69.446,16.0
5,45.0,69.755,14.0
5,46.0,92.503,14.0
5,47.0,110.124,14.0
5,48.0,80.445,14.0
5,49.0,88.931,13.0
5,50.0,102.023,13.0
5,51.0,117.835,12.0
5,52.0,112.817,12.0
5,53.0,110.336,12.0
5,54.0,104.46,12.0
5,55.0,89.292,12.0
5,56.0,71.743,11.0
5,57.0,70.433,11.0
5,58.0,70.387,12.0
5,59.0,70.415,12.0
5,60.0,70.623,12.0
5,61.0,70.755,12.0
5,62.0,71.236,13.0
5,63.0,70.004,12.0
5,64.0,69.453,11.0
5,65.0,68.729,11.0
5,66.0,68.623,11.0
6,1.0,82.2,20.0
6,2.0,73.861,20.0
6,3.0,72.354,20.0
6,4.0,71.901,20.0
6,5.0,71.919,20.0
6,6.0,71.812,20.0
6,7.0,72.103,20.0
6,8.0,72.201,20.0
6,9.0,71.681,4.0
6,10.0,71.663,2.0
6,11.0,71.746,2.0
6,12.0,71.845,2.0
6,13.0,71.743,2.0
6,14.0,71.605,2.0
6,15.0,72.716,1.0
6,16.0,71.818,1.0
6,17.0,71.24,1.0
6,18.0,71.213,1.0
6,19.0,73.943,1.0
6,20.0,86.061,1.0
6,21.0,117.217,1.0
6,22.0,120.782,2.0
6,23.0,97.331,2.0
6,24.0,75.231,2.0
6,25.0,72.15,2.0
6,26.0,71.29,2.0
6,27.0,70.895,2.0
6,28.0,70.483,2.0
6,29.0,70.436,2.0
6,30.0,70.841,2.0
6,31.0,70.812,2.0
6,32.0,70.334,2.0
6,33.0,70.311,2.0
6,34.0,70.292,2.0
6,35.0,70.442,2.0
6,36.0,70.273,2.0
6,37.0,70.262,2.0
6,38.0,70.229,2.0
6,39.0,70.305,2.0
6,40.0,70.298,2.0
6,41.0,70.038,2.0
6,42.0,69.817,2.0
6,43.0,70.265,2.0
6,44.0,70.76,1.0
6,45.0,76.161,1.0
6,46.0,95.318,1.0
6,47.0,97.124,1.0
6,48.0,73.419,1.0
6,49.0,81.845,1.0
6,50.0,101.9,1.0
6,51.0,118.167,1.0
6,52.0,112.812,1.0
6,53.0,110.087,1.0
6,54.0,104.493,1.0
6,55.0,89.059,1.0
6,56.0,72.088,1.0
6,57.0,70.688,1.0
6,58.0,69.662,1.0
6,59.0,70.933,1.0
6,60.0,70.91,1.0
6,61.0,70.709,1.0
6,62.0,70.393,1.0
6,63.0,70.906,1.0
6,64.0,70.613,1.0
6,65.0,71.012,1.0
6,66.0,70.86,1.0
6,67.0,,
26,1.0,80.36,15.0
26,2.0,73.127,15.0
26,3.0,71.726,15.0
26,4.0,71.327,15.0
26,5.0,72.095,15.0
26,6.0,70.997,14.0
26,7.0,70.962,13.0
26,8.0,71.132,13.0
26,9.0,70.753,15.0
26,10.0,71.003,15.0
26,11.0,70.831,14.0
26,12.0,71.19,13.0
26,13.0,70.637,13.0
26,14.0,70.839,13.0
26,15.0,70.928,12.0
26,16.0,70.784,12.0
26,17.0,70.523,12.0
26,18.0,70.59,12.0
26,19.0,70.42,12.0
26,20.0,70.655,12.0
26,21.0,102.32,12.0
26,22.0,104.17,12.0
26,23.0,80.17,12.0
26,24.0,114.238,12.0
26,25.0,104.41,12.0
26,26.0,70.997,11.0
26,27.0,70.473,11.0
26,28.0,70.128,11.0
26,29.0,69.898,11.0
26,30.0,70.224,11.0
26,31.0,70.657,11.0
26,32.0,70.035,11.0
26,33.0,70.461,11.0
26,34.0,69.827,11.0
26,35.0,69.769,11.0
26,36.0,70.086,11.0
26,37.0,69.734,11.0
26,38.0,69.473,11.0
26,39.0,69.375,11.0
26,40.0,69.829,11.0
26,41.0,69.327,11.0
26,42.0,69.286,11.0
26,43.0,69.703,11.0
26,44.0,69.663,11.0
26,45.0,69.135,10.0
26,46.0,87.749,10.0
26,47.0,108.009,12.0
26,48.0,93.944,12.0
26,49.0,90.35,12.0
26,50.0,102.464,12.0
26,51.0,116.833,11.0
26,52.0,114.212,11.0
26,53.0,110.394,11.0
26,54.0,104.104,11.0
26,55.0,89.982,11.0
26,56.0,71.427,10.0
26,57.0,70.11,10.0
26,58.0,70.242,10.0
26,59.0,70.781,10.0
26,60.0,70.378,10.0
26,61.0,70.623,10.0
26,62.0,71.475,11.0
26,63.0,70.456,11.0
26,64.0,71.794,12.0
26,65.0,,
23,1.0,75.104,4.0
23,2.0,70.362,4.0
23,3.0,69.579,3.0
23,4.0,69.853,3.0
23,5.0,69.412,3.0
23,6.0,69.525,3.0
23,7.0,69.808,3.0
23,8.0,69.649,3.0
23,9.0,70.01,6.0
23,10.0,70.108,6.0
23,11.0,70.082,5.0
23,12.0,69.823,5.0
23,13.0,69.907,5.0
23,14.0,70.085,5.0
23,15.0,69.947,5.0
23,16.0,70.102,5.0
23,17.0,69.896,5.0
23,18.0,69.997,5.0
23,19.0,69.935,5.0
23,20.0,69.919,5.0
23,21.0,87.164,5.0
23,22.0,110.964,5.0
23,23.0,106.649,5.0
23,24.0,115.676,5.0
23,25.0,112.142,5.0
23,26.0,70.05,5.0
23,27.0,69.365,5.0
23,28.0,69.271,5.0
23,29.0,68.703,5.0
23,30.0,68.618,5.0
23,31.0,68.703,5.0
23,32.0,68.593,5.0
23,33.0,68.734,5.0
23,34.0,68.722,5.0
23,35.0,68.678,5.0
23,36.0,68.774,5.0
23,37.0,68.88,5.0
23,38.0,69.007,5.0
23,39.0,68.827,5.0
23,40.0,69.12,5.0
23,41.0,69.085,5.0
23,42.0,68.743,5.0
23,43.0,68.637,5.0
23,44.0,68.584,5.0
23,45.0,68.432,4.0
23,46.0,80.622,4.0
23,47.0,109.417,5.0
23,48.0,113.584,5.0
23,49.0,97.29,5.0
23,50.0,99.511,5.0
23,51.0,114.081,5.0
23,52.0,116.349,5.0
23,53.0,111.006,5.0
23,54.0,101.457,4.0
23,55.0,96.508,4.0
23,56.0,76.768,13.0
23,57.0,70.174,13.0
23,58.0,69.61,13.0
23,59.0,69.92,13.0
23,60.0,70.521,13.0
23,61.0,70.859,13.0
23,62.0,70.182,12.0
23,63.0,,
7,1.0,80.781,17.0
7,2.0,73.309,17.0
7,3.0,72.098,17.0
7,4.0,71.372,17.0
7,5.0,71.92,17.0
7,6.0,71.893,17.0
7,7.0,71.771,17.0
7,8.0,71.941,17.0
7,9.0,,19.0
7,10.0,71.366,19.0
7,11.0,71.588,18.0
7,12.0,71.213,17.0
7,13.0,70.375,16.0
7,14.0,70.752,16.0
7,15.0,70.727,15.0
7,16.0,70.57,15.0
7,17.0,70.713,15.0
7,18.0,70.898,15.0
7,19.0,74.725,16.0
7,20.0,103.423,16.0
7,21.0,113.799,16.0
7,22.0,83.601,16.0
7,23.0,73.482,16.0
7,24.0,90.605,16.0
7,25.0,102.148,16.0
7,26.0,70.779,15.0
7,27.0,70.997,15.0
7,28.0,70.4,15.0
7,29.0,70.188,15.0
7,30.0,70.332,15.0
7,31.0,70.355,15.0
7,32.0,70.007,15.0
7,33.0,70.336,15.0
7,34.0,70.496,15.0
7,35.0,70.158,15.0
7,36.0,69.962,15.0
7,37.0,70.013,15.0
7,38.0,69.952,15.0
7,39.0,69.4,14.0
7,40.0,69.973,14.0
7,41.0,69.432,14.0
7,42.0,69.062,14.0
7,43.0,69.031,14.0
7,44.0,69.417,14.0
7,45.0,69.384,13.0
7,46.0,90.453,13.0
7,47.0,108.39,13.0
7,48.0,87.815,13.0
7,49.0,,
63,1.0,81.596,19.0
63,2.0,73.736,19.0
63,3.0,72.334,19.0
63,4.0,71.594,19.0
63,5.0,71.724,19.0
63,6.0,72.13,19.0
63,7.0,72.152,19.0
63,8.0,71.784,19.0
63,9.0,,20.0
63,10.0,71.563,20.0
63,11.0,71.674,19.0
63,12.0,71.538,18.0
63,13.0,71.186,18.0
63,14.0,71.053,18.0
63,15.0,71.21,18.0
63,16.0,71.014,17.0
63,17.0,70.891,17.0
63,18.0,71.039,17.0
63,19.0,71.106,17.0
63,20.0,79.305,15.0
63,21.0,134.065,15.0
63,22.0,83.33,15.0
63,23.0,73.15,15.0
63,24.0,90.313,15.0
63,25.0,102.414,15.0
63,26.0,71.215,14.0
63,27.0,70.962,14.0
63,28.0,70.317,14.0
63,29.0,70.148,14.0
63,30.0,70.107,14.0
63,31.0,70.393,14.0
63,32.0,70.312,14.0
63,33.0,70.236,14.0
63,34.0,70.335,14.0
63,35.0,70.261,14.0
63,36.0,69.901,14.0
63,37.0,70.22,14.0
63,38.0,70.025,14.0
63,39.0,71.19,15.0
63,40.0,70.457,15.0
63,41.0,70.014,15.0
63,42.0,69.693,15.0
63,43.0,69.888,15.0
63,44.0,69.317,15.0
63,45.0,,
8,1.0,81.365,18.0
8,2.0,73.534,18.0
8,3.0,72.183,18.0
8,4.0,71.576,18.0
8,5.0,71.829,18.0
8,6.0,71.868,18.0
8,7.0,71.904,18.0
8,8.0,72.008,18.0
8,9.0,71.437,3.0
8,10.0,71.377,1.0
8,11.0,71.224,1.0
8,12.0,71.554,1.0
8,13.0,71.526,1.0
8,14.0,71.243,1.0
8,15.0,85.87,2.0
8,16.0,92.297,2.0
8,17.0,72.924,2.0
8,18.0,74.399,2.0
8,19.0,71.061,2.0
8,20.0,91.223,2.0
8,21.0,95.554,2.0
8,22.0,104.706,1.0
8,23.0,92.143,1.0
8,24.0,71.366,1.0
8,25.0,71.083,1.0
8,26.0,71.07,1.0
8,27.0,70.909,1.0
8,28.0,71.264,1.0
8,29.0,70.376,1.0
8,30.0,70.726,1.0
8,31.0,72.43,1.0
8,32.0,70.681,1.0
8,33.0,70.403,1.0
8,34.0,70.94,1.0
8,35.0,70.567,1.0
8,36.0,70.342,1.0
8,37.0,70.339,1.0
8,38.0,70.305,1.0
8,39.0,70.36,1.0
8,40.0,70.476,1.0
8,41.0,70.228,1.0
8,42.0,70.261,1.0
8,43.0,71.175,1.0
8,44.0,126.287,2.0
20,1.0,79.587,13.0
20,2.0,72.762,13.0
20,3.0,71.531,13.0
20,4.0,71.582,13.0
20,5.0,71.879,13.0
20,6.0,71.463,13.0
20,7.0,72.869,14.0
20,8.0,71.489,14.0
20,9.0,71.152,16.0
20,10.0,71.386,16.0
20,11.0,71.075,15.0
20,12.0,71.766,14.0
20,13.0,71.274,14.0
20,14.0,70.974,14.0
20,15.0,70.852,13.0
20,16.0,70.843,13.0
20,17.0,70.884,13.0
20,18.0,70.72,13.0
20,19.0,71.243,13.0
20,20.0,,
18,1.0,77.583,9.0
18,2.0,72.184,9.0
18,3.0,70.57,9.0
18,4.0,70.326,9.0
18,5.0,70.333,9.0
18,6.0,70.508,9.0
18,7.0,70.845,9.0
18,8.0,70.655,9.0
18,9.0,70.629,11.0
18,10.0,70.734,11.0
18,11.0,70.611,10.0
18,12.0,71.431,10.0
18,13.0,74.041,11.0
18,14.0,75.253,12.0
18,15.0,79.51,16.0
3,1.0,78.766,11.0
3,2.0,72.125,11.0
3,3.0,71.236,11.0
3,4.0,70.628,11.0
3,5.0,70.636,11.0
3,6.0,70.954,11.0
3,7.0,70.813,11.0
3,8.0,70.61,11.0
3,9.0,70.814,13.0
3,10.0,70.828,13.0
3,11.0,70.824,12.0
3,12.0,98.32,19.0
33,1.0,73.501,2.0
33,2.0,69.859,2.0
33,3.0,69.38,2.0
33,4.0,69.428,2.0
33,5.0,69.351,2.0
33,6.0,69.469,2.0
33,7.0,69.577,2.0
33,8.0,69.538,2.0
33,9.0,69.459,2.0
33,10.0,138.665,3.0
